,unemployment_rate,fed_funds_rate,cpi_index,mortgage_rate_30y,hpi_national,treasury_10y,baa_spread,gdp,unemployment_change_12m,hpi_change_12m_pct,gdp_growth_pct
2000-01-01,4.0,5.45,169.3,8.25,100.0,6.66,1.68,10002.179,,,
2000-02-01,4.1,5.73,170.0,8.31,100.571,6.52,1.91,10002.179,,,
2000-03-01,4.0,5.85,171.0,8.23,101.466,6.26,2.3,10002.179,,,
2000-04-01,3.8,6.02,170.9,8.13,102.54,5.99,2.34,10247.72,,,2.4548750827194654
2000-05-01,4.0,6.27,171.2,8.62,103.701,6.44,2.52,10247.72,,,2.4548750827194654
2000-06-01,4.0,6.53,172.2,8.22,104.856,6.1,2.4,10247.72,,,2.4548750827194654
2000-07-01,4.0,6.54,172.7,8.13,105.723,6.05,2.27,10318.165,,,0.6874212019844617
2000-08-01,4.1,6.5,172.7,7.99,106.523,5.83,2.51,10318.165,,,0.6874212019844617
2000-09-01,3.9,6.52,173.6,7.88,107.137,5.8,2.54,10318.165,,,0.6874212019844617
2000-10-01,3.9,6.51,173.9,7.68,107.73,5.74,2.56,10435.744,,,1.1395340159805478
2000-11-01,3.9,6.51,174.2,7.73,108.292,5.72,2.64,10435.744,,,1.1395340159805478
2000-12-01,3.9,6.4,174.6,7.13,108.792,5.24,2.88,10435.744,,,1.1395340159805478
2001-01-01,4.2,5.98,175.6,7.15,109.215,5.16,2.62,10470.231,0.20000000000000018,9.214999999999996,0.33046996936680895
2001-02-01,4.2,5.49,176.0,7.12,109.643,5.1,2.88,10470.231,0.10000000000000053,9.02049298505534,0.33046996936680895
2001-03-01,4.3,5.31,176.1,6.91,110.394,4.89,3.04,10470.231,0.2999999999999998,8.79900656377508,0.33046996936680895
2001-04-01,4.4,4.8,176.4,7.12,111.247,5.14,2.73,10599.0,0.6000000000000005,8.49132046030816,1.2298582524110424
2001-05-01,4.3,4.21,177.3,7.2,112.202,5.39,2.65,10599.0,0.2999999999999998,8.197606580457272,1.2298582524110424
2001-06-01,4.5,3.97,177.7,7.11,113.272,5.28,2.65,10599.0,0.5,8.026245517662334,1.2298582524110424
2001-07-01,4.6,3.77,177.4,7.03,114.228,5.24,2.78,10598.02,0.5999999999999996,8.044607133736271,-0.00924615529767081
2001-08-01,4.9,3.65,177.4,6.92,114.989,4.97,2.9,10598.02,0.8000000000000007,7.947579395998994,-0.00924615529767081
2001-09-01,5.0,3.07,178.1,6.72,115.466,4.73,3.42,10598.02,1.1,7.774158320654867,-0.00924615529767081
2001-10-01,5.3,2.49,177.6,6.64,115.681,4.57,3.38,10660.465,1.4,7.380488257681228,0.5892138342822539
2001-11-01,5.5,2.09,177.5,7.02,115.838,4.65,3.1,10660.465,1.6,6.968197096738438,0.5892138342822539
2001-12-01,5.7,1.82,177.4,7.16,116.055,5.09,2.85,10660.465,1.8000000000000003,6.676042356055589,0.5892138342822539
2002-01-01,5.7,1.73,177.7,6.96,116.437,5.04,2.85,10783.5,1.5,6.612644783225741,1.1541241399882551
2002-02-01,5.7,1.74,178.0,6.81,116.917,4.91,2.98,10783.5,1.5,6.634258456992237,1.1541241399882551
2002-03-01,5.7,1.73,178.5,7.18,117.93,5.28,2.81,10783.5,1.4000000000000004,6.826457959671717,1.1541241399882551
2002-04-01,5.9,1.75,179.3,6.88,119.209,5.21,2.84,10887.46,1.5,7.157046931602662,0.9640654703945817
2002-05-01,5.8,1.75,179.5,6.76,120.789,5.16,2.98,10887.46,1.5,7.6531612627225964,0.9640654703945817
2002-06-01,5.8,1.75,179.6,6.55,122.334,4.93,3.13,10887.46,1.2999999999999998,8.000211879370012,0.9640654703945817
2002-07-01,5.8,1.73,180.0,6.34,123.688,4.65,3.25,10984.04,1.2000000000000002,8.281682249536026,0.8870755897151472
2002-08-01,5.7,1.74,180.5,6.22,124.731,4.26,3.32,10984.04,0.7999999999999998,8.472114724017077,0.8870755897151472
2002-09-01,5.7,1.75,180.8,5.99,125.495,3.87,3.76,10984.04,0.7000000000000002,8.685673704813546,0.8870755897151472
2002-10-01,5.7,1.75,181.2,6.31,126.138,3.94,3.82,11061.433,0.40000000000000036,9.03951383546131,0.7045950306080462
2002-11-01,5.9,1.34,181.5,6.13,126.644,4.05,3.38,11061.433,0.40000000000000036,9.328545037034486,0.7045950306080462
2002-12-01,6.0,1.24,181.8,5.93,127.152,4.03,3.48,11061.433,0.2999999999999998,9.56184567661884,0.7045950306080462
2003-01-01,5.8,1.24,182.6,5.9,127.653,4.05,3.16,11174.129,0.09999999999999964,9.632676898236813,1.0188191710784666
2003-02-01,5.9,1.26,183.6,5.79,128.326,3.9,3.21,11174.129,0.20000000000000018,9.758204538262172,1.0188191710784666
2003-03-01,5.9,1.25,183.9,5.91,129.308,3.81,3.04,11174.129,0.20000000000000018,9.648096328330347,1.0188191710784666
2003-04-01,6.0,1.26,183.2,5.79,130.488,3.96,2.76,11312.766,0.09999999999999964,9.46153394458471,1.2406962547147904
2003-05-01,6.1,1.26,182.9,5.31,131.839,3.57,2.85,11312.766,0.2999999999999998,9.148184023379603,1.2406962547147904
2003-06-01,6.3,1.22,183.1,5.24,133.225,3.33,2.81,11312.766,0.5,8.9026762796933,1.2406962547147904
2003-07-01,6.2,1.01,183.7,5.94,134.647,3.98,2.58,11566.669,0.40000000000000036,8.860196623763006,2.244393634589459
2003-08-01,6.1,1.03,184.5,6.32,135.966,4.45,2.46,11566.669,0.39999999999999947,9.007383890131582,2.244393634589459
2003-09-01,6.1,1.01,185.1,5.98,137.077,4.27,2.57,11566.669,0.39999999999999947,9.22905295031673,2.244393634589459
2003-10-01,6.0,1.01,184.9,5.94,137.977,4.29,2.36,11772.234,0.2999999999999998,9.385752112765378,1.777218661656188
2003-11-01,5.8,1.0,185.0,5.89,138.766,4.3,2.33,11772.234,-0.10000000000000053,9.571712832822698,1.777218661656188
2003-12-01,5.7,0.98,185.5,5.85,139.629,4.27,2.34,11772.234,-0.2999999999999998,9.81266515666288,1.777218661656188
2004-01-01,5.7,1.0,186.3,5.68,140.706,4.15,2.19,11923.447,-0.09999999999999964,10.225376606895242,1.2844885686098317
2004-02-01,5.6,1.01,186.7,5.58,142.028,4.08,2.21,11923.447,-0.3000000000000007,10.677493259355074,1.2844885686098317
2004-03-01,5.8,1.0,187.1,5.4,144.079,3.83,2.29,11923.447,-0.10000000000000053,11.423113805797014,1.2844885686098317
2004-04-01,5.6,1.0,187.4,6.01,146.18,4.35,2.05,12112.815,-0.40000000000000036,12.025626877567298,1.5881984463050003
2004-05-01,5.6,1.0,188.2,6.32,148.335,4.72,2.03,12112.815,-0.5,12.51223082699353,1.5881984463050003
2004-06-01,5.6,1.03,188.9,6.25,150.519,4.73,2.09,12112.815,-0.7000000000000002,12.981047100769395,1.5881984463050003
2004-07-01,5.5,1.26,189.1,6.08,152.338,4.5,2.1,12305.307,-0.7000000000000002,13.138799973263415,1.5891599103924348
2004-08-01,5.4,1.43,189.2,5.82,153.814,4.28,2.19,12305.307,-0.6999999999999993,13.126811114543324,1.5891599103924348
2004-09-01,5.4,1.61,189.8,5.72,155.108,4.13,2.11,12305.307,-0.6999999999999993,13.153920789045582,1.5891599103924348
2004-10-01,5.5,1.76,190.8,5.64,156.298,4.1,2.09,12527.214,-0.5,13.278300006522814,1.8033438743137342
2004-11-01,5.4,1.93,191.7,5.72,157.495,4.19,1.95,12527.214,-0.39999999999999947,13.496821988095075,1.8033438743137342
2004-12-01,5.4,2.16,191.7,5.81,158.669,4.23,1.86,12527.214,-0.2999999999999998,13.636135759763391,1.8033438743137342
2005-01-01,5.3,2.28,191.6,5.66,160.13,4.22,1.75,12767.286,-0.40000000000000036,13.804670731880675,1.916403759048113
2005-02-01,5.4,2.5,192.4,5.69,161.925,4.17,1.59,12767.286,-0.1999999999999993,14.009209451657444,1.916403759048113
2005-03-01,5.2,2.63,193.1,6.04,164.578,4.5,1.64,12767.286,-0.5999999999999996,14.22761124105525,1.916403759048113
2005-04-01,5.2,2.79,193.7,5.78,167.001,4.34,1.76,12922.656,-0.39999999999999947,14.2433985497332,1.2169383532255829
2005-05-01,5.1,3.0,193.6,5.65,169.546,4.14,1.9,12922.656,-0.5,14.299389894495551,1.2169383532255829
2005-06-01,5.0,3.04,193.7,5.53,172.017,4.0,1.87,12922.656,-0.5999999999999996,14.282582265361832,1.2169383532255829
2005-07-01,5.0,3.26,194.9,5.77,174.099,4.18,1.67,13142.642,-0.5,14.28468274494874,1.702328066304637
2005-08-01,4.9,3.5,196.1,5.77,175.925,4.26,1.77,13142.642,-0.5,14.375154407271129,1.702328066304637
2005-09-01,5.0,3.62,198.8,5.91,177.613,4.2,1.81,13142.642,-0.40000000000000036,14.509245171106588,1.702328066304637
2005-10-01,5.0,3.78,199.1,6.15,178.754,4.46,1.83,13324.204,-0.5,14.36742632663246,1.3814726141060607
2005-11-01,5.0,4.0,198.1,6.28,179.676,4.54,1.89,13324.204,-0.40000000000000036,14.083621702276261,1.3814726141060607
2005-12-01,4.9,4.16,198.1,6.22,180.109,4.47,1.82,13324.204,-0.5,13.512406330159,1.3814726141060607
2006-01-01,4.7,4.29,199.3,6.12,180.828,4.42,1.78,13599.16,-0.5999999999999996,12.925747829888223,2.0635829352357637
2006-02-01,4.8,4.49,199.4,6.26,181.499,4.57,1.65,13599.16,-0.6000000000000005,12.08831249035045,2.0635829352357637
2006-03-01,4.7,4.59,199.7,6.35,182.748,4.72,1.69,13599.16,-0.5,11.040357763492082,2.0635829352357637
2006-04-01,4.7,4.79,200.7,6.58,183.648,4.99,1.67,13753.424,-0.5,9.968203783210882,1.1343641813170935
2006-05-01,4.6,4.94,201.3,6.62,184.38,5.11,1.66,13753.424,-0.5,8.749247991695475,1.1343641813170935
2006-06-01,4.6,4.99,201.8,6.78,184.547,5.11,1.67,13753.424,-0.40000000000000036,7.284163774510666,1.1343641813170935
2006-07-01,4.7,5.24,202.9,6.72,184.607,5.09,1.68,13870.188,-0.2999999999999998,6.035646385102744,0.848981315489139
2006-08-01,4.7,5.25,203.8,6.44,184.404,4.88,1.73,13870.188,-0.20000000000000018,4.819667471934053,0.848981315489139
2006-09-01,4.5,5.25,202.8,6.31,184.198,4.72,1.72,13870.188,-0.5,3.707498888031857,0.848981315489139
2006-10-01,4.4,5.25,201.9,6.4,184.054,4.73,1.64,14039.56,-0.5999999999999996,2.964968616086927,1.2211225976172635
2006-11-01,4.5,5.25,202.0,6.14,183.631,4.6,1.64,14039.56,-0.5,2.2011843540595377,1.2211225976172635
2006-12-01,4.4,5.24,203.1,6.18,183.228,4.56,1.64,14039.56,-0.5,1.7317291195886986,1.2211225976172635
2007-01-01,4.6,5.25,203.437,6.25,182.717,4.76,1.57,14215.651,-0.10000000000000053,1.0446391045634495,1.2542487086489862
2007-02-01,4.5,5.26,204.226,6.22,182.469,4.72,1.6,14215.651,-0.2999999999999998,0.5344382062711039,1.2542487086489862
2007-03-01,4.4,5.26,205.288,6.16,182.191,4.56,1.75,14215.651,-0.2999999999999998,-0.3047912973055733,1.2542487086489862
2007-04-01,4.5,5.25,205.904,6.16,182.129,4.69,1.68,14402.082,-0.20000000000000018,-0.8271258058895281,1.3114489093746018
2007-05-01,4.4,5.25,206.755,6.42,181.883,4.75,1.6,14402.082,-0.1999999999999993,-1.3542683588241622,1.3114489093746018
2007-06-01,4.6,5.25,207.234,6.67,181.539,5.1,1.59,14402.082,0.0,-1.629937089196798,1.3114489093746018
2007-07-01,4.7,5.26,207.603,6.69,180.993,5.0,1.85,14564.117,0.0,-1.9576722442810945,1.125080387682842
2007-08-01,4.6,5.02,207.667,6.45,180.234,4.67,2.05,14564.117,-0.10000000000000053,-2.261339233422266,1.125080387682842
2007-09-01,4.7,4.94,208.547,6.42,179.122,4.52,2.0,14564.117,0.20000000000000018,-2.755730246799637,1.125080387682842
2007-10-01,4.7,4.76,209.19,6.33,177.529,4.53,1.99,14715.058,0.2999999999999998,-3.545155226183627,1.0363896417475926
2007-11-01,4.7,4.49,210.834,6.1,175.161,4.15,2.47,14715.058,0.20000000000000018,-4.612510959478522,1.0363896417475926
2007-12-01,5.0,4.24,211.445,6.17,173.337,4.1,2.52,14715.058,0.5999999999999996,-5.398192416006298,1.0363896417475926
2008-01-01,5.0,3.94,212.174,5.68,171.076,3.74,2.96,14706.538,0.40000000000000036,-6.371054691134392,-0.05789987372118999
2008-02-01,4.9,2.98,212.687,6.24,169.189,3.74,3.22,14706.538,0.40000000000000036,-7.277948583046989,-0.05789987372118999
2008-03-01,5.1,2.61,213.448,5.85,167.9,3.51,3.45,14706.538,0.6999999999999993,-7.843965947823984,-0.05789987372118999
2008-04-01,5.0,2.28,213.942,6.03,167.317,3.68,3.1,14865.701,0.5,-8.132697154214863,1.0822601485135364
2008-05-01,5.4,1.98,215.208,6.08,167.014,3.88,3.0,14865.701,1.0,-8.175035599808666,1.0822601485135364
2008-06-01,5.6,2.0,217.463,6.45,166.533,4.1,3.05,14865.701,1.0,-8.265992431378377,1.0822601485135364
2008-07-01,5.8,2.01,219.016,6.52,165.711,4.01,3.22,14898.999,1.0999999999999996,-8.443420463774832,0.22399212791917034
2008-08-01,6.1,2.0,218.69,6.4,164.277,3.89,3.29,14898.999,1.5,-8.853490462398895,0.22399212791917034
2008-09-01,6.1,1.81,218.877,6.09,161.911,3.69,4.0,14898.999,1.3999999999999995,-9.608534964995929,0.22399212791917034
2008-10-01,6.5,0.97,216.995,6.46,159.162,3.81,5.53,14608.209,1.7999999999999998,-10.34591531524427,-1.9517418586308954
2008-11-01,6.8,0.39,213.153,5.97,156.071,3.53,6.1,14608.209,2.0999999999999996,-10.898544767385431,-1.9517418586308954
2008-12-01,7.3,0.16,211.398,5.1,152.543,2.42,5.82,14608.209,2.3,-11.996284693977621,-1.9517418586308954
2009-01-01,7.8,0.15,211.933,5.1,149.361,2.52,5.38,14430.902,2.8,-12.693188992026938,-1.2137490639680837
2009-02-01,8.3,0.22,212.705,5.07,147.616,2.87,5.22,14430.902,3.4000000000000004,-12.750828954601056,-1.2137490639680837
2009-03-01,8.7,0.18,212.495,4.85,146.513,2.82,5.74,14430.902,3.5999999999999996,-12.73793924955331,-1.2137490639680837
2009-04-01,9.0,0.15,212.709,4.78,146.941,2.93,5.08,14381.236,4.0,-12.178081127440732,-0.3441642109412113
2009-05-01,9.4,0.18,213.022,4.91,148.168,3.29,4.29,14381.236,4.0,-11.284083969008584,-0.3441642109412113
2009-06-01,9.5,0.21,214.79,5.42,149.795,3.72,3.64,14381.236,3.9000000000000004,-10.050860790353866,-0.3441642109412113
2009-07-01,9.5,0.16,214.726,5.25,150.747,3.56,3.11,14448.882,3.7,-9.030179046653508,0.47037681601218573
2009-08-01,9.6,0.16,215.445,5.14,150.667,3.59,2.98,14448.882,3.5,-8.284787280020932,0.47037681601218573
2009-09-01,9.8,0.15,215.861,5.04,149.626,3.4,2.86,14448.882,3.700000000000001,-7.587501775666872,0.47037681601218573
2009-10-01,10.0,0.12,216.509,5.03,148.582,3.39,2.86,14651.249,3.5,-6.647315313956859,1.400572030417302
2009-11-01,9.9,0.12,217.234,4.78,147.937,3.4,2.99,14651.249,3.1000000000000005,-5.211730558527838,1.400572030417302
2009-12-01,9.9,0.12,217.347,5.14,146.665,3.59,2.54,14651.249,2.6000000000000005,-3.8533397140478542,1.400572030417302
2010-01-01,9.8,0.11,217.488,4.98,145.003,3.73,2.57,14764.61,2.000000000000001,-2.9177630037292235,0.7737292568026133
2010-02-01,9.8,0.13,217.281,5.05,143.056,3.69,2.62,14764.61,1.5,-3.089096032950356,0.7737292568026133
2010-03-01,9.9,0.16,217.353,4.99,143.596,3.73,2.47,14764.61,1.200000000000001,-1.9909496085671607,0.7737292568026133
2010-04-01,9.9,0.2,217.403,5.06,145.398,3.85,2.38,14980.193,0.9000000000000004,-1.0500813251577257,1.4601333865235766
2010-05-01,9.6,0.2,217.29,4.78,147.031,3.42,2.89,14980.193,0.1999999999999993,-0.7673721721289328,1.4601333865235766
2010-06-01,9.4,0.18,217.199,4.69,147.697,3.2,3.08,14980.193,-0.09999999999999964,-1.4005807937514492,1.4601333865235766
2010-07-01,9.4,0.18,217.605,4.54,147.559,3.01,2.91,15141.607,-0.09999999999999964,-2.1148016212594767,1.077516157502112
2010-08-01,9.5,0.19,217.923,4.36,146.425,2.7,3.01,15141.607,-0.09999999999999964,-2.815480496724554,1.077516157502112
2010-09-01,9.5,0.19,218.275,4.32,144.606,2.65,3.05,15141.607,-0.3000000000000007,-3.355031879486192,1.077516157502112
2010-10-01,9.4,0.19,219.035,4.23,143.124,2.54,3.15,15309.474,-0.5999999999999996,-3.67339247015116,1.108647186523859
2010-11-01,9.8,0.19,219.59,4.4,141.811,2.76,3.03,15309.474,-0.09999999999999964,-4.14095189168362,1.108647186523859
2010-12-01,9.3,0.18,220.472,4.86,140.62,3.29,2.68,15309.474,-0.5999999999999996,-4.121637745883467,1.108647186523859
2011-01-01,9.1,0.17,221.187,4.8,139.028,3.39,2.68,15351.448,-0.7000000000000011,-4.120604401288242,0.274170098855131
2011-02-01,9.0,0.16,221.898,4.95,137.724,3.58,2.57,15351.448,-0.8000000000000007,-3.727211721283985,0.274170098855131
2011-03-01,9.0,0.14,223.046,4.86,137.778,3.41,2.58,15351.448,-0.9000000000000004,-4.0516448926154025,0.274170098855131
2011-04-01,9.1,0.1,224.093,4.78,139.153,3.46,2.58,15557.539,-0.8000000000000007,-4.295107222932915,1.3424857381531652
2011-05-01,9.0,0.09,224.806,4.6,140.688,3.17,2.65,15557.539,-0.5999999999999996,-4.314056219436724,1.3424857381531652
2011-06-01,9.1,0.09,224.806,4.51,141.941,3.0,2.72,15557.539,-0.3000000000000007,-3.8971678503964213,1.3424857381531652
2011-07-01,9.0,0.07,225.395,4.55,142.339,3.0,2.77,15647.68,-0.40000000000000036,-3.5375680236380047,0.5794039789969396
2011-08-01,9.0,0.1,226.106,4.22,141.782,2.3,3.25,15647.68,-0.5,-3.17090660747823,0.5794039789969396
2011-09-01,9.0,0.08,226.597,4.01,140.161,1.98,3.3,15647.68,-0.5,-3.073869687288211,0.5794039789969396
2011-10-01,8.8,0.07,226.75,4.1,138.398,2.15,3.02,15842.259,-0.5999999999999996,-3.302031804589023,1.2435006339597932
2011-11-01,8.6,0.08,227.169,3.98,136.653,2.01,3.24,15842.259,-1.200000000000001,-3.637235475386269,1.2435006339597932
2011-12-01,8.5,0.07,227.223,3.95,135.155,1.98,3.27,15842.259,-0.8000000000000007,-3.8863604039254707,1.2435006339597932
2012-01-01,8.3,0.08,227.842,3.98,134.156,1.97,3.24,16068.805,-0.7999999999999989,-3.504330063008876,1.4300107074376234
2012-02-01,8.3,0.1,228.329,3.95,133.986,1.97,3.1,16068.805,-0.6999999999999993,-2.7141238999738637,1.4300107074376234
2012-03-01,8.2,0.13,228.807,3.99,135.855,2.17,3.07,16068.805,-0.8000000000000007,-1.3957235552845892,1.4300107074376234
2012-04-01,8.2,0.14,229.187,3.88,138.461,2.05,3.2,16207.115,-0.9000000000000004,-0.49729434507339576,0.8607360659364405
2012-05-01,8.2,0.16,228.713,3.75,141.037,1.8,3.4,16207.115,-0.8000000000000007,0.2480666439213186,0.8607360659364405
2012-06-01,8.2,0.16,228.524,3.66,143.158,1.62,3.39,16207.115,-0.9000000000000004,0.8573984965584147,0.8607360659364405
2012-07-01,8.2,0.16,228.59,3.49,144.272,1.53,3.27,16319.541,-0.8000000000000007,1.3580255587014145,0.6936829904643727
2012-08-01,8.1,0.13,229.918,3.59,144.695,1.68,3.21,16319.541,-0.9000000000000004,2.0545626384167015,0.6936829904643727
2012-09-01,7.8,0.14,231.015,3.4,144.347,1.72,3.07,16319.541,-1.2000000000000002,2.9865654497328142,0.6936829904643727
2012-10-01,7.8,0.16,231.638,3.41,143.957,1.75,2.73,16420.419,-1.0000000000000009,4.01667654156852,0.6181423852545942
2012-11-01,7.7,0.16,231.249,3.32,143.95,1.65,2.95,16420.419,-0.8999999999999995,5.339802272910221,0.6181423852545942
2012-12-01,7.9,0.16,231.221,3.35,143.857,1.72,2.85,16420.419,-0.5999999999999996,6.438533535570268,0.6181423852545942
2013-01-01,8.0,0.14,231.679,3.53,144.301,1.91,2.82,16648.189,-0.3000000000000007,7.562091893020062,1.3871144213798425
2013-02-01,7.7,0.15,232.937,3.51,145.152,1.98,2.89,16648.189,-0.6000000000000005,8.333706506649952,1.3871144213798425
2013-03-01,7.5,0.14,232.282,3.57,147.952,1.96,2.96,16648.189,-0.6999999999999993,8.904346545949737,1.3871144213798425
2013-04-01,7.6,0.15,231.797,3.4,150.961,1.76,2.83,16728.687,-0.5999999999999996,9.02781288593899,0.48352406378857626
2013-05-01,7.5,0.11,231.893,3.81,153.851,1.93,2.79,16728.687,-0.6999999999999993,9.085559108602691,0.48352406378857626
2013-06-01,7.5,0.09,232.445,4.46,156.417,2.3,2.83,16728.687,-0.6999999999999993,9.261794660445123,0.48352406378857626
2013-07-01,7.3,0.09,232.9,4.31,158.276,2.58,2.68,16953.838,-0.8999999999999995,9.70666518797827,1.3458976188627236
2013-08-01,7.2,0.08,233.456,4.51,159.383,2.74,2.56,16953.838,-0.8999999999999995,10.151007291198733,1.3458976188627236
2013-09-01,7.2,0.08,233.544,4.32,159.663,2.81,2.75,16953.838,-0.5999999999999996,10.610542650695898,1.3458976188627236
2013-10-01,7.2,0.09,233.669,4.1,159.55,2.62,2.65,17192.019,-0.5999999999999996,10.831706690192222,1.4048795322923358
2013-11-01,6.9,0.08,234.1,4.29,159.361,2.72,2.61,17192.019,-0.7999999999999998,10.705800625217087,1.4048795322923358
2013-12-01,6.7,0.09,234.719,4.48,159.278,2.9,2.33,17192.019,-1.2000000000000002,10.719673008612718,1.4048795322923358
2014-01-01,6.6,0.07,235.288,4.32,159.364,2.86,2.4,17197.738,-1.4000000000000004,10.438597099119207,0.03326543554891259
2014-02-01,6.7,0.07,235.547,4.37,159.865,2.71,2.35,17197.738,-1.0,10.13627094356262,0.03326543554891259
2014-03-01,6.7,0.08,236.028,4.4,161.178,2.72,2.26,17197.738,-0.7999999999999998,8.939385746728679,0.03326543554891259
2014-04-01,6.2,0.09,236.468,4.33,162.954,2.71,2.16,17518.508,-1.3999999999999995,7.944435980153819,1.8651871542641363
2014-05-01,6.3,0.09,236.918,4.12,164.667,2.56,2.22,17518.508,-1.2000000000000002,7.030178549375687,1.8651871542641363
2014-06-01,6.1,0.1,237.231,4.14,166.197,2.6,2.18,17518.508,-1.4000000000000004,6.252517309499606,1.8651871542641363
2014-07-01,6.2,0.09,237.498,4.12,167.122,2.54,2.17,17804.228,-1.0999999999999996,5.588971164295287,1.6309608101328976
2014-08-01,6.1,0.09,237.46,4.1,167.437,2.42,2.23,17804.228,-1.1000000000000005,5.053236543420558,1.6309608101328976
2014-09-01,5.9,0.09,237.477,4.2,167.228,2.53,2.29,17804.228,-1.2999999999999998,4.738104632883,1.6309608101328976
2014-10-01,5.7,0.09,237.43,3.98,166.896,2.3,2.39,17912.079,-1.5,4.60419931056093,0.605760609221595
2014-11-01,5.8,0.09,236.983,3.97,166.644,2.33,2.52,17912.079,-1.1000000000000005,4.570126944484554,0.605760609221595
2014-12-01,5.6,0.12,236.252,3.87,166.445,2.21,2.51,17912.079,-1.1000000000000005,4.499679805120604,0.605760609221595
2015-01-01,5.7,0.11,234.747,3.66,166.23,1.88,2.61,18063.529,-0.8999999999999995,4.3083757937802725,0.8455188255924728
2015-02-01,5.5,0.11,235.342,3.8,166.609,1.98,2.46,18063.529,-1.2000000000000002,4.218559409501776,0.8455188255924728
2015-03-01,5.4,0.11,235.976,3.69,168.068,2.04,2.55,18063.529,-1.2999999999999998,4.274776954671244,0.8455188255924728
2015-04-01,5.4,0.12,236.222,3.68,169.953,1.94,2.6,18279.784,-0.7999999999999998,4.295077138333525,1.1971913129488865
2015-05-01,5.6,0.12,237.001,3.87,171.835,2.2,2.72,18279.784,-0.7000000000000002,4.3530276254501565,1.1971913129488865
2015-06-01,5.3,0.13,237.657,4.02,173.434,2.36,2.83,18279.784,-0.7999999999999998,4.354470898993368,1.1971913129488865
2015-07-01,5.2,0.13,238.034,3.98,174.477,2.32,2.94,18401.626,-1.0,4.400976532114265,0.6665396046255267
2015-08-01,5.1,0.14,238.033,3.84,174.916,2.17,3.15,18401.626,-1.0,4.466754659961647,0.6665396046255267
2015-09-01,5.0,0.14,237.498,3.86,175.021,2.17,3.29,18401.626,-0.9000000000000004,4.660104767144246,0.6665396046255267
2015-10-01,5.0,0.12,237.733,3.76,175.025,2.07,3.19,18435.137,-0.7000000000000002,4.870697919662548,0.1821089071150528
2015-11-01,5.1,0.12,238.017,3.95,175.115,2.26,3.2,18435.137,-0.7000000000000002,5.083291327620554,0.1821089071150528
2015-12-01,5.0,0.24,237.761,4.01,175.088,2.24,3.23,18435.137,-0.5999999999999996,5.19270629937818,0.1821089071150528
2016-01-01,4.8,0.34,237.652,3.79,175.011,2.09,3.48,18525.933,-0.9000000000000004,5.282439992781085,0.49251600354258684
2016-02-01,4.9,0.38,237.336,3.62,175.259,1.78,3.55,18525.933,-0.5999999999999996,5.191796361541079,0.49251600354258684
2016-03-01,5.0,0.36,238.08,3.71,176.582,1.89,3.12,18525.933,-0.40000000000000036,5.065806697289177,0.49251600354258684
2016-04-01,5.1,0.37,238.992,3.66,178.478,1.81,2.86,18711.702,-0.3000000000000007,5.016092684448048,1.002751116502476
2016-05-01,4.8,0.37,239.557,3.64,180.327,1.81,2.84,18711.702,-0.7999999999999998,4.941950126574901,1.002751116502476
2016-06-01,4.9,0.38,240.222,3.48,181.899,1.64,2.92,18711.702,-0.39999999999999947,4.88081921653194,1.002751116502476
2016-07-01,4.8,0.39,240.101,3.48,183.002,1.5,2.71,18892.639,-0.40000000000000036,4.88603082354695,0.9669724325451323
2016-08-01,4.9,0.4,240.545,3.43,183.64,1.56,2.61,18892.639,-0.1999999999999993,4.987536874842768,0.9669724325451323
2016-09-01,5.0,0.4,241.176,3.42,183.926,1.63,2.69,18892.639,0.0,5.087960873266639,0.9669724325451323
2016-10-01,4.9,0.4,241.741,3.47,183.995,1.76,2.61,19089.379,-0.09999999999999964,5.124982145407797,1.0413579595735856
2016-11-01,4.7,0.41,242.026,4.03,184.205,2.14,2.45,19089.379,-0.39999999999999947,5.190874568140935,1.0413579595735856
2016-12-01,4.7,0.54,242.637,4.32,184.377,2.49,2.28,19089.379,-0.2999999999999998,5.3053321758201655,1.0413579595735856
2017-01-01,4.7,0.65,243.618,4.19,184.63,2.43,2.23,19280.084,-0.09999999999999964,5.496225951511624,0.9990110207356517
2017-02-01,4.6,0.66,244.006,4.16,184.997,2.42,2.19,19280.084,-0.3000000000000007,5.556348033481884,0.9990110207356517
2017-03-01,4.4,0.79,243.892,4.14,186.507,2.48,2.24,19280.084,-0.5999999999999996,5.620618183053772,0.9990110207356517
2017-04-01,4.4,0.9,244.193,4.03,188.522,2.3,2.28,19438.643,-0.6999999999999993,5.627584352133019,0.8223978692209144
2017-05-01,4.4,0.91,244.004,3.95,190.517,2.3,2.23,19438.643,-0.39999999999999947,5.6508454086187765,0.8223978692209144
2017-06-01,4.3,1.04,244.163,3.88,192.243,2.19,2.09,19438.643,-0.6000000000000005,5.6866722741741205,0.8223978692209144
2017-07-01,4.3,1.15,244.243,3.92,193.487,2.32,2.06,19692.595,-0.5,5.729445579829728,1.3064286431928362
2017-08-01,4.4,1.16,245.183,3.82,194.32,2.21,2.14,19692.595,-0.5,5.815726421258982,1.3064286431928362
2017-09-01,4.3,1.15,246.435,3.83,194.788,2.2,2.0,19692.595,-0.7000000000000002,5.905635962289191,1.3064286431928362
2017-10-01,4.2,1.15,246.626,3.94,195.052,2.36,1.91,20037.088,-0.7000000000000002,6.009402429413835,1.7493529928381601
2017-11-01,4.2,1.16,247.284,3.9,195.416,2.35,1.88,20037.088,-0.5,6.0861540131918135,1.7493529928381601
2017-12-01,4.1,1.3,247.805,3.99,195.811,2.4,1.77,20037.088,-0.6000000000000005,6.201424255736887,1.7493529928381601
2018-01-01,4.0,1.41,248.859,4.15,196.083,2.58,1.56,20328.553,-0.7000000000000002,6.203217245301418,1.4546275386922547
2018-02-01,4.1,1.42,249.529,4.4,196.875,2.86,1.68,20328.553,-0.5,6.42064465910257,1.4546275386922547
2018-03-01,4.0,1.51,249.577,4.44,198.542,2.84,1.85,20328.553,-0.40000000000000036,6.4528409121373365,1.4546275386922547
2018-04-01,4.0,1.69,250.227,4.58,200.581,2.87,1.79,20580.912,-0.40000000000000036,6.396600927212748,1.241401687567234
2018-05-01,3.8,1.7,250.792,4.56,202.418,2.98,1.89,20580.912,-0.6000000000000005,6.246686647385813,1.241401687567234
2018-06-01,4.0,1.82,251.018,4.55,204.01,2.91,1.99,20580.912,-0.2999999999999998,6.120899070447305,1.241401687567234
2018-07-01,3.8,1.91,251.214,4.54,204.919,2.89,1.83,20798.73,-0.5,5.908407283176653,1.0583496008340187
2018-08-01,3.8,1.91,251.663,4.52,205.297,2.89,1.92,20798.73,-0.6000000000000005,5.648929600658703,1.0583496008340187
2018-09-01,3.7,1.95,252.182,4.72,205.343,3.0,1.84,20798.73,-0.5999999999999996,5.418711624946093,1.0583496008340187
2018-10-01,3.8,2.19,252.772,4.86,205.339,3.15,2.03,20917.867,-0.40000000000000036,5.27397822119231,0.5728090128579888
2018-11-01,3.8,2.2,252.594,4.81,205.076,3.12,2.27,20917.867,-0.40000000000000036,4.943300446227528,0.5728090128579888
2018-12-01,3.9,2.27,252.767,4.55,204.666,2.83,2.45,20917.867,-0.19999999999999973,4.522217852929611,0.5728090128579888
2019-01-01,4.0,2.4,252.561,4.46,204.168,2.71,2.38,21111.6,0.0,4.123253928183468,0.9261603967555487
2019-02-01,3.8,2.4,253.319,4.35,204.394,2.68,2.22,21111.6,-0.2999999999999998,3.819174603174602,0.9261603967555487
2019-03-01,3.8,2.41,254.277,4.06,205.741,2.57,2.26,21111.6,-0.20000000000000018,3.6259330519487154,0.9261603967555487
2019-04-01,3.7,2.42,255.233,4.2,207.654,2.53,2.14,21397.938,-0.2999999999999998,3.526256225664448,1.3563064855340201
2019-05-01,3.6,2.39,255.296,3.99,209.317,2.4,2.37,21397.938,-0.19999999999999973,3.40829372881859,1.3563064855340201
2019-06-01,3.6,2.38,255.213,3.73,210.551,2.07,2.31,21397.938,-0.3999999999999999,3.2062153815989314,1.3563064855340201
2019-07-01,3.7,2.4,255.802,3.75,211.302,2.06,2.13,21717.171,-0.09999999999999964,3.1148892977225007,1.4918867416103376
2019-08-01,3.6,2.13,256.036,3.58,211.66,1.63,2.26,21717.171,-0.19999999999999973,3.0994120712918294,1.4918867416103376
2019-09-01,3.5,2.04,256.43,3.64,211.839,1.7,2.2,21717.171,-0.20000000000000018,3.1634874332215013,1.4918867416103376
2019-10-01,3.6,1.83,257.155,3.78,211.934,1.71,2.18,21933.217,-0.19999999999999973,3.2117620130613256,0.994816497968376
2019-11-01,3.6,1.55,257.879,3.68,212.074,1.81,2.08,21933.217,-0.19999999999999973,3.4123934541340883,0.994816497968376
2019-12-01,3.6,1.55,258.63,3.74,212.205,1.86,1.98,21933.217,-0.2999999999999998,3.68356248717423,0.994816497968376
2020-01-01,3.6,1.55,259.127,3.51,212.363,1.76,2.13,21751.238,-0.3999999999999999,4.013851338113716,-0.829695890028348
2020-02-01,3.5,1.58,259.25,3.45,213.181,1.5,2.38,21751.238,-0.2999999999999998,4.299049874262462,-0.829695890028348
2020-03-01,4.4,0.65,258.076,3.5,215.157,0.87,3.93,21751.238,0.6000000000000005,4.576627896238472,-0.829695890028348
2020-04-01,14.8,0.05,256.032,3.23,217.204,0.66,3.23,19958.291,11.100000000000001,4.598996407485534,-8.242965296963789
2020-05-01,13.2,0.05,255.802,3.15,218.452,0.67,3.08,19958.291,9.6,4.36419402150805,-8.242965296963789
2020-06-01,11.0,0.08,257.042,3.13,219.778,0.73,2.93,19958.291,7.4,4.382311174014841,-8.242965296963789
2020-07-01,10.2,0.09,258.352,2.99,221.533,0.62,2.6,21704.437,6.499999999999999,4.8418850744432085,8.748975551062976
2020-08-01,8.4,0.1,259.316,2.91,224.012,0.65,2.67,21704.437,4.800000000000001,5.835774355097789,8.748975551062976
2020-09-01,7.8,0.09,259.997,2.9,226.762,0.68,2.75,21704.437,4.3,7.044500776533114,8.748975551062976
2020-10-01,6.9,0.09,260.319,2.81,229.77,0.79,2.61,22087.16,3.3000000000000003,8.415827568960154,1.7633399106367076
2020-11-01,6.7,0.09,260.911,2.72,232.273,0.87,2.29,22087.16,3.1,9.524505597102895,1.7633399106367076
2020-12-01,6.7,0.09,262.045,2.67,234.321,0.93,2.18,22087.16,3.1,10.421997596663601,1.7633399106367076
2021-01-01,6.4,0.09,262.687,2.73,236.394,1.08,2.17,22680.693,2.8000000000000003,11.316001375004126,2.6872309522817828
2021-02-01,6.2,0.08,263.579,2.97,239.175,1.26,2.12,22680.693,2.7,12.193394345649944,2.6872309522817828
2021-03-01,6.1,0.07,264.961,3.17,244.173,1.61,2.03,22680.693,1.6999999999999993,13.485966061991927,2.6872309522817828
2021-04-01,6.1,0.07,266.614,2.98,249.783,1.64,1.96,23425.91,-8.700000000000001,14.99926336531554,3.2856888455745192
2021-05-01,5.8,0.06,268.383,2.95,255.407,1.62,1.99,23425.91,-7.3999999999999995,16.916759745848054,3.2856888455745192
2021-06-01,5.9,0.08,270.654,3.02,261.126,1.52,1.87,23425.91,-5.1,18.813530016653157,3.2856888455745192
2021-07-01,5.4,0.1,271.903,2.8,265.456,1.32,1.95,23982.379,-4.799999999999999,19.826842953420055,2.375442405439099
2021-08-01,5.1,0.09,272.676,2.87,268.725,1.28,1.94,23982.379,-3.3000000000000007,19.96009142367374,2.375442405439099
2021-09-01,4.7,0.08,273.91,3.01,271.373,1.37,1.85,23982.379,-3.0999999999999996,19.673049276333778,2.375442405439099
2021-10-01,4.5,0.08,276.55,3.14,273.577,1.58,1.69,24813.6,-2.4000000000000004,19.06558732645689,3.4659655741408946
2021-11-01,4.1,0.08,278.919,3.1,275.943,1.56,1.81,24813.6,-2.6000000000000005,18.801152092580708,3.4659655741408946
2021-12-01,3.9,0.08,280.845,3.11,278.516,1.47,1.85,24813.6,-2.8000000000000003,18.860878879827258,3.4659655741408946
2022-01-01,4.0,0.08,282.543,3.55,281.895,1.76,1.93,25250.347,-2.4000000000000004,19.24795045559531,1.7601113905277854
2022-02-01,3.9,0.08,284.5,3.89,287.114,1.93,2.34,25250.347,-2.3000000000000003,20.04348280547714,1.7601113905277854
2022-03-01,3.7,0.2,287.674,4.67,294.908,2.13,1.93,25250.347,-2.3999999999999995,20.778300631109925,1.7601113905277854
2022-04-01,3.7,0.33,288.561,5.1,301.525,2.75,2.05,25861.292,-2.3999999999999995,20.714780429412727,2.4195509075578325
2022-05-01,3.6,0.77,291.298,5.1,306.287,2.9,2.18,25861.292,-2.1999999999999997,19.921145465864278,2.4195509075578325
2022-06-01,3.6,1.21,294.957,5.7,308.082,3.14,2.31,25861.292,-2.3000000000000003,17.98212357252822,2.4195509075578325
2022-07-01,3.5,1.68,294.913,5.3,306.917,2.9,2.36,26336.304,-1.9000000000000004,15.618784280634056,1.8367682480828762
2022-08-01,3.6,2.33,295.097,5.55,303.493,2.9,2.18,26336.304,-1.4999999999999996,12.938133779886485,1.8367682480828762
2022-09-01,3.5,2.56,296.349,6.7,300.326,3.52,2.24,26336.304,-1.2000000000000002,10.669079090403265,1.8367682480828762
2022-10-01,3.6,3.08,298.007,7.08,298.542,3.98,2.28,26770.514,-0.8999999999999999,9.1254016236745,1.648712742684011
2022-11-01,3.6,3.78,298.786,6.58,296.727,3.89,2.15,26770.514,-0.49999999999999956,7.531990302345037,1.648712742684011
2022-12-01,3.5,4.1,298.832,6.42,294.22,3.62,1.99,26770.514,-0.3999999999999999,5.638455241350582,1.648712742684011
2023-01-01,3.5,4.33,300.42,6.13,292.712,3.53,1.9,27216.445,-0.5,3.837244364036252,1.66575434450007
2023-02-01,3.6,4.57,301.45,6.5,293.507,3.75,1.9,27216.445,-0.2999999999999998,2.226641682397945,1.66575434450007
2023-03-01,3.5,4.65,301.821,6.32,297.428,3.66,2.11,27216.445,-0.20000000000000018,0.8545037774492226,1.66575434450007
2023-04-01,3.4,4.83,302.845,6.43,301.542,3.46,2.08,27530.055,-0.30000000000000027,0.005638006798780459,1.1522812770000002
2023-05-01,3.6,5.06,303.334,6.57,305.409,3.57,2.16,27530.055,0.0,-0.2866592444341398,1.1522812770000002
2023-06-01,3.6,5.08,304.014,6.71,308.369,3.75,1.88,27530.055,0.0,0.09315701663843434,1.1522812770000002
2023-07-01,3.5,5.12,304.609,6.81,310.292,3.9,1.77,28074.846,0.0,1.0996458325866598,1.9788954290138605
2023-08-01,3.7,5.33,306.082,7.18,311.655,4.17,1.83,28074.846,0.10000000000000009,2.689353625948532,1.9788954290138605
2023-09-01,3.7,5.33,307.276,7.31,312.511,4.38,1.78,28074.846,0.20000000000000018,4.057257779879198,1.9788954290138605
2023-10-01,3.9,5.33,307.696,7.79,312.863,4.8,1.85,28424.722,0.2999999999999998,4.79697998941524,1.246225892031605
2023-11-01,3.7,5.33,308.148,7.22,312.104,4.5,1.67,28424.722,0.10000000000000009,5.182204517957589,1.246225892031605
2023-12-01,3.8,5.33,308.741,6.61,310.922,4.02,1.61,28424.722,0.2999999999999998,5.67670450683162,1.246225892031605
2024-01-01,3.7,5.33,309.698,6.69,310.786,4.06,1.61,28708.161,0.20000000000000018,6.174669982781711,0.9971566300630785
2024-02-01,3.9,5.33,310.967,6.94,312.709,4.21,1.55,28708.161,0.2999999999999998,6.542263046537222,0.9971566300630785
2024-03-01,3.9,5.33,312.345,6.79,316.884,4.21,1.5,28708.161,0.3999999999999999,6.54141506515864,0.9971566300630785
2024-04-01,3.9,5.33,313.023,7.17,320.81,4.54,1.44,29147.044,0.5,6.389822976567117,1.5287743439923007
2024-05-01,3.9,5.33,313.175,7.03,323.748,4.48,1.46,29147.044,0.2999999999999998,6.004734634539255,1.5287743439923007
2024-06-01,4.1,5.33,313.044,6.86,325.3,4.31,1.55,29147.044,0.49999999999999956,5.4905000178357755,1.5287743439923007
2024-07-01,4.2,5.33,313.569,6.78,325.622,4.25,1.68,29511.664,0.7000000000000002,4.940507650857917,1.2509673365161733
2024-08-01,4.2,5.33,314.062,6.35,325.068,3.87,1.69,29511.664,0.5,4.303797468354431,1.2509673365161733
2024-09-01,4.1,5.13,314.732,6.08,324.696,3.72,1.63,29511.664,0.39999999999999947,3.8990627529911004,1.2509673365161733
2024-10-01,4.1,4.83,315.631,6.72,324.014,4.1,1.46,29825.182,0.19999999999999973,3.5641798486877763,1.0623528378474356
2024-11-01,4.2,4.64,316.528,6.81,323.732,4.36,1.44,29825.182,0.5,3.725681183195362,1.0623528378474356
2024-12-01,4.1,4.48,317.604,6.85,323.341,4.39,1.42,29825.182,0.2999999999999998,3.9942493615762187,1.0623528378474356
2025-01-01,4.0,4.33,318.961,6.95,323.671,4.63,1.45,30042.113,0.2999999999999998,4.145939649791175,0.7273417476547195
2025-02-01,4.2,4.33,319.679,6.76,325.122,4.45,1.57,30042.113,0.30000000000000027,3.9695051949256266,0.7273417476547195
2025-03-01,4.2,4.33,319.785,6.65,327.74,4.28,1.76,30042.113,0.30000000000000027,3.4258593049822705,0.7273417476547195
2025-04-01,4.2,4.33,320.302,6.81,329.906,4.28,1.96,30485.729,0.30000000000000027,2.8353230884324176,1.4766471319777041
2025-05-01,4.3,4.33,320.62,6.89,331.423,4.42,1.84,30485.729,0.3999999999999999,2.370671015728276,1.4766471319777041
2025-06-01,4.1,4.33,321.435,6.77,331.611,4.38,1.75,30485.729,0.0,1.9400553335382709,1.4766471319777041
2025-07-01,4.3,4.33,322.169,6.72,330.966,4.39,1.67,31098.027,0.09999999999999964,1.6411667516322614,2.0084741945977314
2025-08-01,4.3,4.33,323.291,6.56,329.865,4.26,1.8,31098.027,0.09999999999999964,1.4756912399867206,2.0084741945977314
2025-09-01,4.4,4.22,324.245,6.3,328.971,4.12,1.67,31098.027,0.3000000000000007,1.3166161578830549,2.0084741945977314
2025-10-01,4.4,4.09,324.245,6.17,328.558,4.06,1.69,31442.483,0.3000000000000007,1.4024085379026774,1.1076458323224125
2025-11-01,4.5,3.88,325.063,6.23,328.353,4.09,1.78,31442.483,0.2999999999999998,1.4274152694203845,1.1076458323224125
2025-12-01,4.4,3.72,326.031,6.15,327.455,4.14,1.72,31442.483,0.3000000000000007,1.2723409651111295,1.1076458323224125
